Follower,Location,Languages
sprsquish,California,"Java, Go, Dockerfile, Ruby, Makefile"
pius,"San Francisco, CA","CoffeeScript, Java, HTML, Perl, Ruby, Elixir, Shell, C#, Objective-C++, Makefile, C, JavaScript, C++, CSS, Python, Objective-C, Erlang"
therubymug,"Portland, Oregon","Gherkin, CoffeeScript, HTML, Vim Script, Ruby, Shell, Makefile, CSS, JavaScript"
crafterm,"Melbourne, Australia","Gherkin, Java, Rich Text Format, Emacs Lisp, Swift, Puppet, Ruby, TypeScript, Shell, Makefile, C, JavaScript, Python, Objective-C"
auser,"Mountain View, CA","Java, SCSS, F#, Ruby, TypeScript, JavaScript, Rust, CoffeeScript, HTML, Dockerfile, AppleScript, CSS, Erlang, Procfile, Shell, PowerShell, Smarty, Python, Batchfile, C#"
jarib,"Oslo, Norway","Objective-J, Racket, Vim Script, Perl, Ruby, C, JavaScript, Stan, R, TSQL, HTML, Dockerfile, Tcl, C++, CSS, Handlebars, PLpgSQL, ASP, Jupyter Notebook, Shell, PowerShell, Python, Objective-C, C#, Makefile, ApacheConf"
komapa,"New York, NY","Lex, Java, AMPL, Go, Perl, Puppet, Ruby, TypeScript, C, JavaScript, JSONiq, PHP, HTML, Dockerfile, C++, CSS, CMake, HCL, Scala, Shell, Python, Jsonnet, Yacc, Batchfile, Makefile"
gjnoonan,False,"Clojure, Go, Emacs Lisp, Vim Script, Haskell, Ruby, TypeScript, C, JavaScript, Nix, PHP, HTML, Dockerfile, TLA, C++, CSS, CMake, Shell, Jinja, PowerShell, Python, Diff, Lua, Makefile"
malkomalko,"Atlanta, GA","Objective-J, Emacs Lisp, Vim Script, Ruby, TypeScript, JavaScript, ActionScript, CoffeeScript, HTML, Dockerfile, CSS, Shell, Python, Fennel, Lua, Batchfile, NSIS, Makefile, Crystal"
peleteiro,Earth,"HCL, Lua, Go, TypeScript, Shell, Makefile, JavaScript, Python"
mountain,Earth,"Clojure, CoffeeScript, Java, TeX, Zig, HTML, Scala, Rust, Dockerfile, Haskell, XSLT, Shell, CSS, JavaScript, Python"
scotu,San Francisco (CA),"PHP, HTML, Go, Perl, GLSL, Puppet, Ruby, Shell, Makefile, CSS, JavaScript, Python"
mmmurf,"San Francisco, CA","Mustache, Lex, Java, Emacs Lisp, IDL, Perl, POV-Ray SDL, F#, Ruby, C, JavaScript, Prolog, Meson, CoffeeScript, HTML, M4, Dockerfile, Awk, Assembly, C++, CSS, CMake, Scala, ANTLR, Shell, Objective-C++, Jinja, PowerShell, Python, Objective-C, Groovy, NSIS, Batchfile, Makefile, C#"
codeslinger,False,"Clojure, Java, OpenEdge ABL, Go, Emacs Lisp, Perl, F#, Ruby, Protocol Buffer, Nginx, Scheme, C, JavaScript, Common Lisp, Rust, nesC, Dart, HTML, Dockerfile, Perl 6, TLA, Tcl, C++, CSS, EJS, Thrift, Shell, Objective-C++, Python, Objective-C, Turing, Makefile"
amiroff,Istanbul,"Clojure, PHP, HTML, MDX, Dockerfile, Elixir, Batchfile, Shell, Makefile, CSS, JavaScript, Python"
constantine-nikolaou,"Amsterdam, Netherlands","Mako, CoffeeScript, Java, PHP, HTML, Ruby, Shell, ApacheConf, CSS, JavaScript, Python"
jonuts,Israel,"Java, PHP, HTML, Vim Script, Perl, Ruby, Shell, C++, CSS, JavaScript, C"
ktheory,"Chapel Hill, NC","Java, Go, Perl, Alloy, F#, Ruby, TypeScript, JavaScript, Rust, CoffeeScript, Gherkin, HTML, Dockerfile, CSS, Shell, Python, Visual Basic, Velocity Template Language, Batchfile, C#, Makefile"
sunfmin,Hangzhou,"Java, Go, Emacs Lisp, Ruby, TypeScript, C, JavaScript, TSQL, CoffeeScript, HTML, Dockerfile, Assembly, C++, CSS, CMake, Thrift, Shell, Python, Objective-C, Makefile"
ludwig,False,"Java, Go, Vim Script, Perl, Swift, Haskell, Ruby, C, JavaScript, Dockerfile, C++, CSS, Roff, Groff, Jupyter Notebook, Shell, Python, Fortran, Objective-C, Lua, Batchfile, Makefile"
andrew,"Bristol, UK","CoffeeScript, Racket, Go, HTML, Perl, Ruby, TypeScript, Shell, ApacheConf, CSS, JavaScript"
frac,Berlin,"Vim Script, SCSS, Perl, Ruby, C, JavaScript, Haml, Cuda, Gherkin, PHP, HTML, M4, Ragel, AppleScript, C++, CSS, Roff, TeX, Jupyter Notebook, Shell, Jinja, Python, Lua, OpenSCAD, Yacc, Makefile"
maxterry,Maine,"HTML, Vim Script, Scala, Dockerfile, Ruby, TypeScript, Shell, Makefile, CSS, JavaScript, Python, C, Erlang"
wmoxam,Hillier,"Go, HTML, PHP, Vue, Dockerfile, PLpgSQL, Ruby, Shell, Makefile, Sass, C++, CSS, JavaScript, Crystal, Nix, Python, C, Handlebars"
shillcock,"Salinas, CA","Clojure, CoffeeScript, Lua, HTML, Go, Vue, PHP, Objective-C, Ruby, TypeScript, Elm, Shell, Elixir, PLpgSQL, C++, CSS, JavaScript, C"
mtarbit,"Leeds, West Yorkshire, UK","Vim Script, SCSS, Ruby, C, JavaScript, ActionScript, NASL, HTML, Dockerfile, Assembly, C++, CSS, CMake, Roff, Shell, Python, Lua, Game Maker Language, Makefile"
rapind,"Ayr, ON, Canada","CoffeeScript, Java, HTML, Elm, Ruby, Shell, ApacheConf, CSS, JavaScript"
ryanwilliams,False,"CoffeeScript, HTML, Objective-C, Ruby, Gnuplot, Shell, XSLT, C++, CSS, JavaScript, Python, C"
jerry,"Westfield, Indiana","Java, Scala, HTML, Ruby, Batchfile, Shell, CSS, JavaScript, Python"
marrone,False,"Java, Perl, Puppet, Ruby, TypeScript, C, JavaScript, ActionScript, Prolog, CoffeeScript, HTML, C++, CSS, CMake, Shell, Objective-C++, Python, Objective-C, Lua, GLSL, Batchfile, Makefile, C#"
emkay,Los Angeles,"DTrace, Java, Lua, HTML, POV-Ray SDL, Groovy, Ruby, Batchfile, Shell, Makefile, CSS, C++, C, JavaScript, Python, Rust, Roff, R"
techthumb,New York,"Java, Go, Perl, Swift, Ruby, TypeScript, JavaScript, CoffeeScript, PHP, HTML, Dockerfile, CSS, Roff, Scala, PLpgSQL, Jupyter Notebook, ASP, Shell, Objective-C++, Python, Objective-C, Makefile"
trevrosen,R'lyeh,"Go, Vim Script, Vue, FLUX, Ruby, C, JavaScript, Gherkin, CoffeeScript, HTML, Dockerfile, C++, CSS, HCL, Shell, Smarty, Python, Batchfile, Makefile, ApacheConf"
mcroydon,"Austin, Texas","Clojure, Java, EJS, HTML, Scala, Emacs Lisp, Go, Perl, Ruby, Shell, C++, CSS, JavaScript, Python, Objective-C, Erlang"
gaubert,"Frankfurt, Germany","Java, Perl, Vim Script, Ruby, Arduino, C, JavaScript, PHP, HTML, C++, CSS, Web Ontology Language, Shell, XSLT, Smarty, Python, Groovy, Batchfile, NSIS, Makefile"
elurin,Turkey,
taf2,Severna Park MD,"Gherkin, Java, CoffeeScript, Go, HTML, Perl, Ruby, Protocol Buffer, Shell, Makefile, CSS, C++, C, JavaScript, Python, Roff"
lgs,Milan - Italy,"Go, SCSS, Vue, Perl, Svelte, Ruby, TypeScript, C, JavaScript, CoffeeScript, HTML, Dockerfile, C++, CSS, Handlebars, HCL, Solidity, Shell, Jinja, MDX, Python, Yacc, Batchfile, Makefile"
fserb,"Montreal, Canada","Java, Go, Pawn, SCSS, Swift, Haskell, Ruby, TypeScript, Liquid, Sass, C, JavaScript, HTML, Dockerfile, Haxe, Assembly, C++, CSS, CMake, Mako, PLpgSQL, Jupyter Notebook, Shell, Objective-C++, MDX, Python, Objective-C, Lua, Nunjucks, Pug, Batchfile, Makefile, C#"
borud,False,"Java, Go, HTML, Emacs Lisp, Shell, Makefile, CSS, C++, C, JavaScript, Arduino, Python, CMake"
levifig,"Porto, Portugal","CoffeeScript, PHP, HTML, Perl, Ruby, Batchfile, Shell, Makefile, C++, CSS, JavaScript, Python"
brad,Nomadic (USA),"Java, Perl, Ruby, TypeScript, Gnuplot, C, JavaScript, Parrot, Prolog, CoffeeScript, Nu, HTML, PHP, Dockerfile, CSS, CMake, Roff, PLpgSQL, Shell, Python, Batchfile, Makefile"
john,False,"HTML, SCSS, Dockerfile, Puppet, Ruby, Mermaid, Shell, Sass, Makefile, CSS, JavaScript, Haml, Python, Bikeshed"
acangiano,Canada,"Java, Emacs Lisp, Perl, Ruby, Scheme, C, JavaScript, HTML, Awk, Assembly, C++, CSS, Erlang, Euphoria, Shell, Earthly, Python, Ragel in Ruby Host, Elixir"
cw,"Evansville, WI","CoffeeScript, Java, Gherkin, Rust, HTML, Vim Script, Jupyter Notebook, Ruby, TypeScript, Shell, Makefile, C++, CSS, JavaScript, Python, C, Handlebars"
toke,"Karlsruhe, Germany","Java, Go, Perl, Vue, TypeScript, C, JavaScript, PHP, HTML, Awk, Dockerfile, Assembly, C++, CSS, CMake, Processing, Shell, XSLT, Python, Objective-C, Elixir, Makefile"
eugene,"Copenhagen, Denmark","CoffeeScript, TeX, HTML, Perl, Julia, Jupyter Notebook, Ruby, Batchfile, Shell, Makefile, C++, CSS, JavaScript, Python"
benhodgson,"London, UK","Java, HTML, Shell, CSS, JavaScript, Python"
ruediger,False,"Racket, Emacs Lisp, Go, Perl, Haskell, Ruby, Protocol Buffer, C, JavaScript, Common Lisp, Rust, Nix, R, PHP, HTML, Awk, Dockerfile, Assembly, Logos, C++, CSS, CMake, Bison, TeX, CUE, Shell, Python, Objective-C, Lua, Julia, Makefile, ApacheConf, GDB"
wrl,"Rotterdam, NL","Vim Script, SCSS, Svelte, Ruby, C, JavaScript, Rust, HTML, M4, Cython, C++, CSS, CMake, Roff, HCL, Shell, XSLT, Python, Objective-C, Lua, GLSL, Makefile"
brupm,"Miami, Florida","CoffeeScript, Go, HTML, Perl, Ruby, Shell, CSS, JavaScript, Python, C"
dusty,"Phoenix, AZ","HCL, Java, Go, HTML, PHP, Dockerfile, Ruby, TypeScript, Shell, C#, C++, CSS, JavaScript, Smarty, Objective-C"
amiroff,Istanbul,"Clojure, PHP, HTML, MDX, Dockerfile, Elixir, Batchfile, Shell, Makefile, CSS, JavaScript, Python"
sunfmin,Hangzhou,"Java, Go, Emacs Lisp, Ruby, TypeScript, C, JavaScript, TSQL, CoffeeScript, HTML, Dockerfile, Assembly, C++, CSS, CMake, Thrift, Shell, Python, Objective-C, Makefile"
holin,"Suzhou, China","Go, SCSS, Swift, Ruby, TypeScript, C, JavaScript, message, CoffeeScript, PHP, HTML, C++, CSS, Erlang, Rich Text Format, Shell, Python, Objective-C, Lua, Groovy, Elixir, Batchfile, block"
andrew,"Bristol, UK","CoffeeScript, Racket, Go, HTML, Perl, Ruby, TypeScript, Shell, ApacheConf, CSS, JavaScript"
maxterry,Maine,"HTML, Vim Script, Scala, Dockerfile, Ruby, TypeScript, Shell, Makefile, CSS, JavaScript, Python, C, Erlang"
charlenopires,Amarante | PI | Brazil,"Dart, TeX, Emacs Lisp, HTML, Swift, Elixir, Kotlin, TypeScript, Ruby, Makefile, Shell, CSS, JavaScript, Python, Objective-C, Erlang"
techthumb,New York,"Java, Go, Perl, Swift, Ruby, TypeScript, JavaScript, CoffeeScript, PHP, HTML, Dockerfile, CSS, Roff, Scala, PLpgSQL, Jupyter Notebook, ASP, Shell, Objective-C++, Python, Objective-C, Makefile"
rmoriz,,"Go, Perl, SCSS, Ruby, YAML, Twig, JavaScript, Gherkin, PHP, HTML, Dockerfile, CSS, Roff, HCL, PLpgSQL, Shell, Jinja, PowerShell, Python, SQLPL, Batchfile, Makefile"
lgs,Milan - Italy,"Go, SCSS, Vue, Perl, Svelte, Ruby, TypeScript, C, JavaScript, CoffeeScript, HTML, Dockerfile, C++, CSS, Handlebars, HCL, Solidity, Shell, Jinja, MDX, Python, Yacc, Batchfile, Makefile"
tambet,"Tallinn, Estonia","Go, HTML, Vue, Ruby, Makefile, C++, CSS, JavaScript, C"
cheeaun,Singapore,"Java, HTML, Swift, Starlark, Ruby, TypeScript, Shell, Makefile, CSS, JavaScript, Objective-C"
mikehodgson,"Belleville, ON, Canada","Java, Vue, Ruby, ColdFusion, TypeScript, AGS Script, C, JavaScript, HTML, Assembly, C++, CSS, Roff, Less, Shell, Python, Objective-C, xBase, M, Batchfile, C#, Makefile, Pascal"
dingyi,Remote,"Smarty, PHP, HTML, SCSS, Vim Script, Dockerfile, Objective-C, Ruby, TypeScript, Shell, C++, CSS, JavaScript, Python, C"
Gregg,"Orlando, FL","CoffeeScript, HTML, SCSS, Vue, Ruby, TypeScript, Shell, CSS, JavaScript, C, Stylus"
theinterned,Toronto,"CoffeeScript, HTML, Dockerfile, Ruby, TypeScript, AppleScript, Shell, CSS, JavaScript, Python"
yangjindong,"Huai'an, China","CoffeeScript, Gherkin, HTML, SCSS, Vue, Dockerfile, Ruby, TypeScript, Shell, CSS, JavaScript"
tpaksu,"Istanbul, Turkey","CoffeeScript, PHP, HTML, Blade, Hack, TypeScript, Batchfile, C#, C++, CSS, JavaScript, C"
abraham,"Madison, WI","Dart, CoffeeScript, Smarty, Java, EJS, HTML, SCSS, PHP, Ruby, TypeScript, Kotlin, Shell, CSS, JavaScript, Python, Objective-C, Handlebars"
fabricio,not found,"Lua, HTML, SCSS, Swift, Dockerfile, Ruby, TypeScript, Shell, Sass, Scheme, ApacheConf, CSS, JavaScript, Fennel"
jnarowski,"Denver, CO","CoffeeScript, HTML, Vue, Dockerfile, Ruby, Shell, CSS, JavaScript, Python"
ledermann,"Jülich, Germany","Gherkin, PHP, HTML, SCSS, Vue, Dockerfile, Ruby, Shell, CSS, JavaScript, C, Slim"
makyox,,"Lex, Go, Perl, Vue, TypeScript, C, JavaScript, Cuda, Prolog, PLSQL, PHP, HTML, Awk, Dockerfile, Perl 6, Assembly, C++, CSS, UnrealScript, CMake, SourcePawn, Shell, XSLT, Python, Smarty, Objective-C, Yacc, Batchfile, Makefile, ApacheConf, GDB"
brainv,Philippines,"Java, Go, HTML, SCSS, Vue, Swift, Dockerfile, Ruby, TypeScript, Shell, Assembly, Makefile, C, JavaScript, Python, Objective-C"
mrluanma,"Shanghai, China","Go, HTML, Dockerfile, Procfile, Nix, CSS, C++, C, JavaScript, Python"
heijmerikx,"Zwolle, the Netherlands","HTML, SCSS, Perl, Ruby, Shell, CSS, C, JavaScript, Python, Objective-C"
DougHall,"Pike Road, AL USA","Elixir, JavaScript, HTML, CSS"
kaichen,Crypto,"Java, Go, SCSS, Vue, Ruby, TypeScript, JavaScript, Rust, CoffeeScript, PHP, HTML, Dockerfile, CSS, Solidity, Shell, Python, Objective-C, Elixir, Kotlin, Makefile"
benatkin,"Miami, FL","Io, Clojure, CoffeeScript, HTML, Dockerfile, Ruby, TypeScript, Shell, Makefile, CSS, JavaScript, Python"
wuwx,"Shenyang, China","Lex, Java, Go, Perl, Vue, Ruby, TypeScript, XS, C, JavaScript, CoffeeScript, PLSQL, PHP, HTML, Awk, M4, Dockerfile, Perl 6, Assembly, Tcl, C++, CSS, UnrealScript, CMake, Roff, HCL, PLpgSQL, ASP, Shell, XSLT, sed, Python, Objective-C, Scilab, Yacc, Batchfile, Makefile, GDB"
ihower,"Hsinchu, Taiwan","CoffeeScript, HTML, Swift, Ruby, Shell, CSS, JavaScript, Python, C"
jlahijani,"Los Angeles, CA","HTML, JavaScript, CSS, PHP"
sonereker,"Istanbul, Türkiye","HCL, Java, Rich Text Format, Go, HTML, SCSS, Dockerfile, Ruby, TypeScript, Shell, Makefile, CSS, JavaScript"
yeliu84,"Toronto, ON, Canada","Java, Go, Ruby, OCaml, C, JavaScript, Nix, PHP, HTML, Dockerfile, Elm, Assembly, C++, CSS, Roff, SourcePawn, Shell, XSLT, PowerShell, Python, AutoHotkey, Objective-C, Makefile, Inno Setup, C#, Reason"
ascarter,"Snoqualmie, WA","Emacs Lisp, Go, Perl, Vim Script, Ruby, C, JavaScript, CoffeeScript, PHP, HTML, Dockerfile, AppleScript, C++, CSS, Shell, PowerShell, Smarty, Python, Lua, Batchfile, Makefile"
jmrepetti,,"Clojure, Java, reStructuredText, Go, SCSS, Perl, Swift, F#, Ruby, TypeScript, C, JavaScript, Rust, Cuda, R, ShaderLab, Meson, CoffeeScript, PHP, HTML, Dockerfile, Haxe, Raku, C++, CSS, Erlang, Roff, Visual Basic .NET, Hack, Shell, Objective-C++, PowerShell, Python, Objective-C, GDScript, Lua, Groovy, GLSL, Elixir, Batchfile, C#, Makefile, Inno Setup, HLSL"
olifante,"Berlin, Germany","Objective-J, Emacs Lisp, Perl, Vim Script, D, SCSS, Ruby, TypeScript, C, JavaScript, Rust, HTML, Dockerfile, CSS, Procfile, ASP, Shell, Python, Objective-C, Vim Snippet, Makefile"
hanonno,Amsterdam,"CoffeeScript, HTML, Perl, Vue, Ruby, C, Shell, C++, CSS, JavaScript, Objective-C"
crei0,South of France,"PHP, HTML, Svelte, Objective-C, TypeScript, Batchfile, Shell, C#, Assembly, C++, CSS, JavaScript, PowerShell, Python, CMake, C, Roff"
yury,Vladimir,"Clojure, DTrace, Java, Emacs Lisp, Go, Vim Script, Swift, Perl, D, XQuery, PostScript, Haskell, Ruby, VBScript, TypeScript, ABAP, ColdFusion, Scheme, OCaml, C, JavaScript, ActionScript, Common Lisp, Rust, SystemVerilog, R, LiveScript, Dart, PLSQL, CoffeeScript, PHP, HTML, Awk, Dockerfile, Haxe, Tcl, Assembly, C++, CSS, NewLisp, Roff, Erlang, TeX, Scala, MATLAB, VHDL, XSLT, Shell, Objective-C++, PowerShell, Python, AutoHotkey, Objective-C, Visual Basic, Graphviz (DOT), Smalltalk, Lua, Groovy, Julia, Batchfile, Makefile, Verilog, C#, Pascal"
gakaki,Shanghai,"Java, Go, HTML, Rust, Swift, Dockerfile, Objective-C, Ruby, TypeScript, Shell, C#, Inno Setup, C++, CSS, JavaScript, ActionScript, Python, C"
standino,Beijing,"Emacs Lisp, Perl, Ruby, Scheme, C, JavaScript, Common Lisp, R, Prolog, PHP, HTML, Awk, C++, CSS, NewLisp, Erlang, Groff, TeX, Scala, QMake, Shell, Python, Groovy, Makefile"
huacnlee,"Chengdu, China","Java, Go, SCSS, Ruby, TypeScript, C, JavaScript, Rust, PHP, HTML, Dockerfile, CSS, Handlebars, Rich Text Format, EJS, Less, Shell, XSLT, Python, Kotlin, Makefile"
boticello,Hinterland,"Java, HTML, SCSS, Nunjucks, Dockerfile, TypeScript, Shell, Makefile, XSLT, CSS, JavaScript, Python"
serdar,"Sydney, Australia","Go, Astro, HTML, SCSS, MDX, Dockerfile, Ruby, TypeScript, Shell, C#, Makefile, C++, CSS, JavaScript, CMake, C, Roff, Stylus"
mpstaton,"San Francisco, CA ","HTML, SCSS, Dockerfile, Pug, Shell, CSS, JavaScript, Python"
karmatr0n,NoWhereLand,"Java, Rust, HTML, Go, Scala, M4, Dockerfile, Ruby, Shell, Makefile, CSS, C++, C, JavaScript, Python, Objective-C, Roff"
wickkidd,Washington DC,"Dart, CoffeeScript, HTML, SCSS, Vue, Dockerfile, Ruby, TypeScript, Shell, Makefile, CSS, JavaScript, Objective-C"
bauerpl,"Gdynia, Poland","PHP, HTML, Dockerfile, Ruby, Shell, Twig, JavaScript, Python"
tkersey,"Los Angeles, CA","TeX, Lua, HTML, Swift, Haskell, Idris, Ruby, TypeScript, Objective-C, Shell, Objective-C++, C++, CSS, JavaScript, Nix, C"
hoverbird,"Asheville, NC","Clojure, ShaderLab, CoffeeScript, Gherkin, Lua, HTML, GLSL, Ruby, Batchfile, Shell, C#, CSS, JavaScript, Python, HLSL"
jarib,"Oslo, Norway","Objective-J, Racket, Vim Script, Perl, Ruby, C, JavaScript, Stan, R, TSQL, HTML, Dockerfile, Tcl, C++, CSS, Handlebars, PLpgSQL, ASP, Jupyter Notebook, Shell, PowerShell, Python, Objective-C, C#, Makefile, ApacheConf"
pyrat,,"EJS, HTML, Vim Script, Perl, SCSS, Dockerfile, Procfile, Objective-C, Ruby, Shell, Makefile, C++, CSS, JavaScript, Haml, C"
sunfmin,Hangzhou,"Java, Go, Emacs Lisp, Ruby, TypeScript, C, JavaScript, TSQL, CoffeeScript, HTML, Dockerfile, Assembly, C++, CSS, CMake, Thrift, Shell, Python, Objective-C, Makefile"
ludwig,,"Java, Go, Vim Script, Perl, Swift, Haskell, Ruby, C, JavaScript, Dockerfile, C++, CSS, Roff, Groff, Jupyter Notebook, Shell, Python, Fortran, Objective-C, Lua, Batchfile, Makefile"
charlenopires,Amarante | PI | Brazil,"Dart, TeX, Emacs Lisp, HTML, Swift, Elixir, Kotlin, TypeScript, Ruby, Makefile, Shell, CSS, JavaScript, Python, Objective-C, Erlang"
lgs,Milan - Italy,"Go, SCSS, Vue, Perl, Svelte, Ruby, TypeScript, C, JavaScript, CoffeeScript, HTML, Dockerfile, C++, CSS, Handlebars, HCL, Solidity, Shell, Jinja, MDX, Python, Yacc, Batchfile, Makefile"
cw,"Evansville, WI","CoffeeScript, Java, Gherkin, Rust, HTML, Vim Script, Jupyter Notebook, Ruby, TypeScript, Shell, Makefile, C++, CSS, JavaScript, Python, C, Handlebars"
statonjr,"Orlando, FL","Clojure, Java, OpenEdge ABL, Ruby, TypeScript, Scheme, JavaScript, Apex, HTML, CSS, Groff, TeX, Standard ML, Shell, XSLT, Visual Basic, Smalltalk, Batchfile, Factor"
gohanlon,"Portland, OR","Emacs Lisp, Vim Script, Swift, Perl, SCSS, Starlark, Ruby, TypeScript, C, JavaScript, CoffeeScript, HTML, Dockerfile, CSS, CMake, TeX, Shell, Python, Lua, GLSL, Makefile"
justinwiley,,"Clojure, Java, Go, Alloy, F#, Ruby, TypeScript, JavaScript, CoffeeScript, HTML, Dockerfile, CSS, Erlang, Shell, Python, Velocity Template Language, Groovy, Batchfile, C#"
oliyoung,Kaurna Yerta / Adelaide,"HTML, Jupyter Notebook, TypeScript, block, CSS, JavaScript, message"
ihower,"Hsinchu, Taiwan","CoffeeScript, HTML, Swift, Ruby, Shell, CSS, JavaScript, Python, C"
dududoor,,
brycethornton,"Columbus, OH","PHP, HTML, Vim Script, Vue, Dockerfile, Ruby, Shell, Makefile, C, Crystal, Python"
polaris,Berlin,"PowerShell, Meson, HTML, Dockerfile, QMake, Ruby, Batchfile, Shell, Makefile, CSS, C++, C, JavaScript, Common Lisp, Python, CMake, Assembly, Erlang"
neilh,,"CoffeeScript, HTML, Makefile, CSS, JavaScript, Python"
ericluo,"WuHan, China","Java, Emacs Lisp, Perl, SCSS, Vim Script, Ruby, TypeScript, JavaScript, R, Cuda, CoffeeScript, PHP, HTML, AppleScript, C++, CSS, Erlang, Jupyter Notebook, Shell, PowerShell, Python, Objective-C, Pug, Batchfile, C#, Makefile, Pascal"
serdar,"Sydney, Australia","Go, Astro, HTML, SCSS, MDX, Dockerfile, Ruby, TypeScript, Shell, C#, Makefile, C++, CSS, JavaScript, CMake, C, Roff, Stylus"
herval,"San Francisco, CA","Go, SCSS, Swift, Ruby, TypeScript, JavaScript, PLSQL, HTML, Astro, Dockerfile, Elm, CSS, Handlebars, Solidity, Scala, Shell, Python, Lua, Kotlin, Makefile"
devraj,"Canberra, ACT Australia","Java, Swift, C, JavaScript, Dart, HTML, Dockerfile, C++, CSS, HCL, QMake, Shell, Python, Objective-C, xBase, Lua, GLSL, C#, Makefile"
jhaynie,"Austin, TX","Clojure, Java, Go, Vue, Protocol Buffer, TypeScript, JavaScript, Rust, CoffeeScript, HTML, Dockerfile, CSS, HCL, Scala, Shell, Python, Smarty, GCC Machine Description, Groovy, Batchfile, Makefile"
robin,"Beijing, China","XSLT, Groff, HTML, Swift, Ragel, Ruby, Shell, Objective-C++, CSS, C++, C, JavaScript, Makefile, Python, Cap'n Proto, Objective-C"
chicosilva,Brasil,"Mako, PLSQL, PHP, HTML, SCSS, Go, Dockerfile, Procfile, Pug, VBA, TypeScript, Batchfile, Shell, Makefile, CSS, JavaScript, Python"
mkober,"Bethlehem, PA","Java, Go, Emacs Lisp, SCSS, Vue, Alloy, F#, Ruby, TypeScript, C, JavaScript, Rust, HTML, Dockerfile, CSS, HCL, Jupyter Notebook, Shell, PowerShell, Python, GDScript, Velocity Template Language, Lua, Batchfile, C#, Makefile"
xdanger,Singapore,"Java, Zig, Go, Vim Script, Swift, Ruby, TypeScript, PigLatin, C, JavaScript, LookML, Nix, Rust, R, Cuda, HTML, Dockerfile, Bicep, C++, CSS, CMake, HCL, Scala, Metal, Procfile, PLpgSQL, Jupyter Notebook, Shell, Jinja, MDX, PowerShell, Python, Objective-C, Jsonnet, Pug, NSIS, Batchfile, Makefile, C#"
bwl,"Union City, NJ","CoffeeScript, Java, Emacs Lisp, PHP, Perl, HTML, Dockerfile, Vim Snippet, Puppet, Ruby, TypeScript, Batchfile, Shell, C#, Makefile, CSS, JavaScript, Python"
klarrimore,,"Java, HTML, Perl, Ruby, TypeScript, Shell, Makefile, C++, CSS, JavaScript, ApacheConf, C"
slouffka,,"Java, Vim Script, Perl, Haskell, TypeScript, C, JavaScript, Rust, PHP, HTML, M4, Haxe, Assembly, C++, CSS, CMake, Roff, Shell, Python, Lua, Yacc, Groovy, GLSL, Batchfile, Makefile, HLSL"
tiendung,,"Java, Emacs Lisp, Perl, Vim Script, Swift, Ruby, Sass, Scheme, C, JavaScript, Nix, R, Module Management System, Cuda, PHP, HTML, M4, Dockerfile, Assembly, DIGITAL Command Language, C++, CSS, CLIPS, CMake, Ada, Groff, Jupyter Notebook, LLVM, Shell, Objective-C++, SAS, Python, Objective-C, Lua, Yacc, NSIS, Batchfile, Makefile, C#, Pascal"
iamdaiyuan,Beijing,"Java, Go, Swift, Ruby, C, JavaScript, Rust, FreeMarker, PHP, HTML, CSS, Roff, Shell, Objective-C++, Python, Objective-C, GLSL, Kotlin, Makefile"
renxing,Nantong,"Java, Go, SCSS, Vue, Swift, Starlark, Ruby, TypeScript, C, JavaScript, Rust, FreeMarker, ShaderLab, CoffeeScript, Dart, PHP, HTML, Dockerfile, C++, CSS, AIDL, CMake, Handlebars, EJS, Less, QMake, Shell, Objective-C++, Python, Smarty, Objective-C, Blade, GLSL, Groovy, Pug, Kotlin, Makefile, C#, HLSL"
justingrammens,"Saint Paul, MN","Java, Go, Perl, Swift, Ruby, Arduino, C, JavaScript, Mathematica, HTML, Logos, C++, CSS, Jupyter Notebook, Shell, Python, Objective-C, Groovy, Kotlin, Batchfile, Makefile"
hamiljs,"Bardstown, KY","Gherkin, Java, Go, HTML, Perl, PHP, Ruby, Jupyter Notebook, NSIS, Shell, Assembly, Makefile, C++, CSS, JavaScript, Python, C"
rajraj,"Southampton, UK","Go, Vim Script, Swift, Ruby, C, JavaScript, R, Dart, PHP, HTML, Dockerfile, Tcl, Assembly, CSS, Erlang, Jupyter Notebook, Shell, PowerShell, Python, Objective-C, Elixir, Kotlin, Batchfile, Makefile"
fantonio,São Paulo,"Objective-J, Java, Go, Vim Script, Ruby, C, JavaScript, PHP, HTML, M4, Dockerfile, Assembly, C++, CSS, Roff, HCL, Hack, VHDL, QMake, Shell, Objective-C++, PowerShell, Python, Objective-C, Groovy, Kotlin, C#, Makefile"
technohippy,"Tokyo, Japan","Go, Perl, SCSS, PostScript, Ruby, TypeScript, WebAssembly, C, JavaScript, OCaml, Common Lisp, R, Prolog, Dart, HTML, Dockerfile, Assembly, C++, CSS, Groff, TeX, Standard ML, Shell, MDX, PowerShell, Python, Objective-C, Visual Basic, Smalltalk, Nunjucks, GLSL, Batchfile, Makefile"
shaobin0604,Chengdu,"Java, HTML, IDL, Groovy, Kotlin, Shell, Makefile"
netzflechter,Munich,"Gherkin, HTML, Vim Script, Ruby, Shell, Makefile, CSS, JavaScript"
davidrupp,"Gainesville, FL","Clojure, Java, Go, Swift, Ruby, TypeScript, C, JavaScript, Rust, PLSQL, PHP, HTML, Dockerfile, C++, CSS, Scala, PLpgSQL, Jupyter Notebook, Shell, XSLT, Smarty, Python, Kotlin, Batchfile, Makefile, C#"
huerlisi,"Steinhausen, Switzerland","Dart, CoffeeScript, Gherkin, HTML, Perl, Awk, Ruby, TypeScript, Shell, ApacheConf, CSS, JavaScript, Python"
mwmitchell,Staunton VA USA,"Clojure, Java, Emacs Lisp, Go, Perl, Dockerfile, Ruby, Shell, Makefile, JavaScript"
michelson,"Santiago, Chile","Pure Data, CoffeeScript, Racket, HTML, SCSS, MDX, Ruby, Elixir, TypeScript, Shell, Makefile, C++, CSS, JavaScript, Python, Objective-C"
jmalonzo,"Jakarta, Indonesia","CoffeeScript, Smarty, HTML, Vue, Ruby, TypeScript, NSIS, Shell, Makefile, CSS, JavaScript, PowerShell, Python, Erlang"
kozo2,"Tokyo, Japan","Java, HTML, Dockerfile, Kotlin, TypeScript, Jupyter Notebook, Shell, Assembly, C++, CSS, JavaScript, Python, C, R"
duncan,Europe,"Go, HTML, Dockerfile, Ruby, TypeScript, Liquid, Shell, CSS, JavaScript, Handlebars"
hellowahab,Karachi,"PLSQL, Java, PHP, HTML, SCSS, EJS, Groovy, Kotlin, TypeScript, ASP, Shell, C#, Batchfile, CSS, JavaScript"
pmq20,Tokyo,"CoffeeScript, Java, HTML, Less, Ruby, TypeScript, Jupyter Notebook, Shell, Makefile, C++, CSS, JavaScript, Python, CMake, C"
hackedunit,"Cochin, India","CoffeeScript, HTML, Perl, Puppet, Ruby, Shell, Makefile, C++, CSS, JavaScript, PowerShell, Python, C"
mountain,Earth,"Clojure, CoffeeScript, Java, TeX, Zig, HTML, Scala, Rust, Dockerfile, Haskell, XSLT, Shell, CSS, JavaScript, Python"
sunfmin,Hangzhou,"Java, Go, Emacs Lisp, Ruby, TypeScript, C, JavaScript, TSQL, CoffeeScript, HTML, Dockerfile, Assembly, C++, CSS, CMake, Thrift, Shell, Python, Objective-C, Makefile"
charlenopires,Amarante | PI | Brazil,"Dart, TeX, Emacs Lisp, HTML, Swift, Elixir, Kotlin, TypeScript, Ruby, Makefile, Shell, CSS, JavaScript, Python, Objective-C, Erlang"
linuxyz,"Beijing, China","Rust, Vim Script, Dockerfile, QMake, Shell, Makefile, C, PowerShell, Python"
yangjindong,"Huai'an, China","CoffeeScript, Gherkin, HTML, SCSS, Vue, Dockerfile, Ruby, TypeScript, Shell, CSS, JavaScript"
alvin2ye,China,"CoffeeScript, Go, Less, HTML, Ruby, TypeScript, Shell, Makefile, Nginx, CSS, JavaScript"
openweb,China,"Clojure, Java, Swift, Ruby, Protocol Buffer, TypeScript, C, JavaScript, ShaderLab, HTML, C++, CSS, CMake, Groff, Scala, Thrift, Less, Shell, Objective-C++, Python, Smarty, Objective-C, Groovy, Batchfile, C#, Makefile"
jicknan,"Suzhou, China","CoffeeScript, Lua, PHP, Vim Script, HTML, Swift, TypeScript, Shell, Makefile, CSS, C, JavaScript, Python"
renxing,Nantong,"Java, Go, SCSS, Vue, Swift, Starlark, Ruby, TypeScript, C, JavaScript, Rust, FreeMarker, ShaderLab, CoffeeScript, Dart, PHP, HTML, Dockerfile, C++, CSS, AIDL, CMake, Handlebars, EJS, Less, QMake, Shell, Objective-C++, Python, Smarty, Objective-C, Blade, GLSL, Groovy, Pug, Kotlin, Makefile, C#, HLSL"
linyiru,"Austin, Texas","SCSS, Vue, Svelte, Ruby, TypeScript, JavaScript, Haml, Rust, R, HTML, Astro, Dockerfile, CSS, Solidity, Procfile, Shell, Python, Batchfile, Crystal"
jie,,"CoffeeScript, Solidity, HTML, SCSS, Vue, MDX, Dockerfile, Less, PHP, TypeScript, Shell, ApacheConf, CSS, JavaScript, Python"
ShiningRay,"Shanghai, China","CoffeeScript, EJS, Less, Solidity, Go, HTML, Dockerfile, Procfile, SCSS, PLpgSQL, Ruby, TypeScript, Shell, CSS, C, JavaScript"
xnzac,UK,"CoffeeScript, Go, HTML, Vim Script, PHP, Awk, Dockerfile, Yacc, Ruby, Shell, Makefile, CSS, JavaScript, PowerShell, Python, C"
shaobin0604,Chengdu,"Java, HTML, IDL, Groovy, Kotlin, Shell, Makefile"
sunraysun,Shanghai,"Astro, Vim Script, Dockerfile, TypeScript, Shell, CSS, JavaScript"
arden,深圳龙华新区大浪街道福东龙华府,"Java, Go, HTML, Swift, Ruby, M, Shell, Makefile, CSS, C++, C, JavaScript, Objective-C"
whb,,"Java, SCSS, Vue, Swift, Ruby, TypeScript, JavaScript, Haml, Dart, CoffeeScript, PHP, HTML, Astro, Dockerfile, CSS, Procfile, Shell, MDX, Objective-C, Lua, Kotlin, Batchfile"
hygkui,,"PowerShell, HTML, Vim Script, Vue, Less, Dockerfile, MDX, TypeScript, Shell, Makefile, Nix, C++, CSS, JavaScript, Python, Rust"
pmq20,Tokyo,"CoffeeScript, Java, HTML, Less, Ruby, TypeScript, Jupyter Notebook, Shell, Makefile, C++, CSS, JavaScript, Python, CMake, C"
capken,Shanghai,"CoffeeScript, Java, HTML, Perl, Ruby, Shell, Nginx, CSS, JavaScript"
matrixer,,
vincentqiu,,"Java, Go, IDL, Swift, Ruby, Protocol Buffer, C, JavaScript, Prolog, HTML, Awk, AppleScript, C++, CSS, Shell, Objective-C++, Python, Objective-C, Groovy, Makefile"
azu,Tokyo/Japan,"CoffeeScript, HTML, Dockerfile, Ruby, TypeScript, Shell, CSS, C, JavaScript, PowerShell, Python, Objective-C"
hutuworm,,
gxbsst,"Shanghai, China","CoffeeScript, PHP, HTML, Vim Script, message, Ruby, Shell, block, CSS, JavaScript, Python"
yedj,,"JavaScript, HTML, CSS"
jimjin,wenzhou china,"TSQL, Java, PHP, HTML, QML, Dockerfile, Ruby, TypeScript, Batchfile, Shell, C#, Makefile, C++, CSS, JavaScript, Python, Objective-C"
peterwang,,"Clojure, Java, Emacs Lisp, Perl, Haskell, Protocol Buffer, Scheme, C, JavaScript, Common Lisp, CoffeeScript, MAXScript, HTML, Elm, C++, CSS, NewLisp, TeX, Scala, Shell, Python, Batchfile, Makefile"
appleboy,"Hsinchu, Taiwan","Jsonnet, HCL, Java, Go, HTML, Scala, Dockerfile, Ruby, TypeScript, Shell, Makefile, CSS, JavaScript, Python"
jexchan,chengdu,"CoffeeScript, HTML, Elixir, Ruby, TypeScript, Shell, CSS, JavaScript, Python"
simultsop,,"HTML, TypeScript, Vue"
ZoomQuiet,"ZhuHai,China,Earth","Go, Perl, Vue, SCSS, TypeScript, Scheme, JavaScript, ActionScript, CoffeeScript, PHP, HTML, Dockerfile, CSS, Erlang, TeX, Shell, Python, Graphviz (DOT), Elixir, Makefile"
xqliu,Singapore,"Java, Racket, Emacs Lisp, Vim Script, YASnippet, JavaScript, Common Lisp, HTML, Dockerfile, CSS, Roff, Mako, Scala, MATLAB, Jupyter Notebook, Shell, Smarty, Python, Groovy, Kotlin, M, Batchfile, Makefile"
passos,"Palo Alto, CA","FreeMarker, Java, Go, HTML, Less, Vue, SCSS, Dockerfile, Kotlin, Protocol Buffer, TypeScript, Shell, Makefile, CSS, JavaScript, Common Lisp, Python"
bygreencn,China,"DTrace, Lex, Java, Pawn, Perl, POV-Ray SDL, Arduino, C, JavaScript, Cuda, PLSQL, PHP, HTML, M4, Dockerfile, Awk, Perl 6, Assembly, C++, CSS, GAP, CMake, Roff, Groff, SourcePawn, MATLAB, PLpgSQL, Jupyter Notebook, Shell, XSLT, Python, Objective-C, Scilab, Visual Basic, Lua, Yacc, Eagle, SQLPL, Batchfile, Makefile, C#, Pascal"
jianingy,,"OpenEdge ABL, Rust, HTML, Lua, Perl, Go, Emacs Lisp, Haskell, Ruby, Batchfile, Shell, Makefile, CSS, C++, C, JavaScript, Python"
Axun,Canada,"HTML, Python, Go"
thiswind,,"Java, SCSS, Perl, Swift, Ruby, TypeScript, C, JavaScript, ActionScript, Rust, Dart, HTML, Dockerfile, C++, CSS, CMake, PLpgSQL, Jupyter Notebook, Shell, Jinja, Python, Objective-C, Kotlin, Makefile"
insub,,"Java, Go, SCSS, Swift, Vue, Ruby, TypeScript, OCaml, C, JavaScript, message, PHP, HTML, Dockerfile, C++, CSS, EJS, Shell, PowerShell, Python, Objective-C, Smalltalk, C#, block, Makefile"
diablozzc,,"Java, Go, Swift, Vue, Ruby, Protocol Buffer, JavaScript, PLSQL, HTML, Dockerfile, CSS, Scala, Less, Shell, PowerShell, Python, Objective-C, SQLPL, Batchfile, Makefile, ApacheConf"
lolocoo,,"Java, Go, HTML, Less, Vue, PHP, Dockerfile, SCSS, Perl, TypeScript, Batchfile, Shell, C#, CSS, JavaScript, Python, Objective-C"
caibaohua,Shanghai,"PHP, HTML, Less, Ruby, Shell, CSS, JavaScript, Objective-C, Erlang"
kgl,taiwan,"HTML, Dockerfile, TypeScript, Shell, CSS, JavaScript, Python"
jamesjieye,Suzhou China,"Java, Go, Emacs Lisp, SCSS, Perl, Limbo, F#, Starlark, Svelte, Puppet, Ruby, TypeScript, VBA, WebAssembly, C, JavaScript, ActionScript, ShaderLab, PLSQL, PHP, HTML, M4, Dockerfile, Awk, Assembly, Tcl, Raku, C++, CSS, CMake, Roff, Erlang, Processing, Less, ANTLR, QMake, Shell, XSLT, sed, Python, Smarty, SWIG, Lua, GLSL, Batchfile, Makefile, C#, Inno Setup, Pascal, PureBasic, GDB"
billychow,China,"Groff, Java, PHP, Less, Vim Script, Vue, Blade, Dockerfile, HTML, Swift, Ruby, Shell, CSS, JavaScript, Python, Objective-C"
caingougou,"Shanghai, China","PHP, TypeScript, Shell, Makefile, CSS, JavaScript, Erlang"
fundon,Space,"Zig, AMPL, Go, SCSS, Vue, Perl, Svelte, TypeScript, C, JavaScript, Rust, CoffeeScript, HTML, Dockerfile, C++, CSS, Handlebars, Roff, Shell, Python, Objective-C, NSIS, Makefile"
liuzhoou,"Wuhan, China","Java, Emacs Lisp, Perl, Vue, SCSS, Vim Script, Ruby, TypeScript, Scheme, C, JavaScript, Common Lisp, Haml, R, HTML, Awk, CSS, Roff, TeX, Shell, AutoHotkey, Python, Smarty, Objective-C, Makefile"
taballa,,"Graphviz (DOT), CoffeeScript, PHP, HTML, Perl, Vue, XML, Less, Ruby, TypeScript, Shell, CSS, JavaScript, Python, Visual Basic"
robbenmu,,"Mako, PHP, HTML, SCSS, Vim Script, Perl, Dockerfile, Lua, Ruby, TypeScript, Batchfile, Shell, Jinja, CSS, JavaScript, Python, Rust"
drnic,"Brisbane, Australia","OpenEdge ABL, Go, Emacs Lisp, SCSS, Perl, Ruby, C, JavaScript, HTML, Dockerfile, Assembly, C++, CSS, Roff, MATLAB, Procfile, Shell, PowerShell, Python, Objective-C, Lua, Batchfile, NSIS, Makefile"
zh,JAPAN,"Go, Perl, SCSS, Ruby, TypeScript, C, JavaScript, PHP, HTML, Dockerfile, Assembly, C++, CSS, Solidity, Shell, Python, Objective-C, Batchfile, Makefile"
auser,"Mountain View, CA","Java, SCSS, F#, Ruby, TypeScript, JavaScript, Rust, CoffeeScript, HTML, Dockerfile, AppleScript, CSS, Erlang, Procfile, Shell, PowerShell, Smarty, Python, Batchfile, C#"
purzelrakete,Berlin,"Emacs Lisp, Go, Vim Script, Perl, Ruby, Scheme, JavaScript, Common Lisp, Nix, R, HTML, Awk, Dockerfile, Brainfuck, Assembly, CSS, Roff, TeX, Scala, Jupyter Notebook, Shell, Python, Graphviz (DOT), Lua, Vim Snippet, Julia, Batchfile, Makefile"
banderson623,"Rocklin, CA","Java, Go, HTML, D, Swift, Yacc, PHP, Vue, Objective-C, Ruby, Shell, C++, CSS, JavaScript, Python, Rust, C"
chrislloyd,,"Clojure, Dockerfile, Ruby, TypeScript, Shell, C, JavaScript, Python, Objective-C"
piclez,"San Diego, CA","CoffeeScript, Java, Go, HTML, SCSS, Perl, Vim Script, PHP, Jupyter Notebook, Ruby, TypeScript, Shell, CSS, JavaScript, Python, C"
wunki,Netherlands,"D, PostScript, OCaml, CoffeeScript, PLSQL, BASIC, Awk, jq, PicoLisp, Scala, REXX, Standard ML, VHDL, PLpgSQL, XSLT, PowerShell, Objective-C, SWIG, Smalltalk, Groovy, Julia, Factor, Pascal, ChucK, Emacs Lisp, Go, Vim Script, Perl, Rust, Vala, Prolog, Dart, Forth, HTML, Nim, Ada, Dhall, Hy, Shell, Python, Fennel, Makefile, Fantom, Haskell, VBA, TypeScript, C, JavaScript, Common Lisp, R, PHP, Elm, PureScript, Tcl, Raku, Io, MATLAB, Lua, Kotlin, Elixir, Crystal, Clojure, Zig, Java, Racket, Swift, F#, Ruby, Scheme, LiveScript, Janet, Dockerfile, Haxe, Assembly, C++, Pike, Erlang, Visual Basic .NET, C#"
mountain,Earth,"Clojure, CoffeeScript, Java, TeX, Zig, HTML, Scala, Rust, Dockerfile, Haskell, XSLT, Shell, CSS, JavaScript, Python"
sunfmin,Hangzhou,"Java, Go, Emacs Lisp, Ruby, TypeScript, C, JavaScript, TSQL, CoffeeScript, HTML, Dockerfile, Assembly, C++, CSS, CMake, Thrift, Shell, Python, Objective-C, Makefile"
zmack,,"Clojure, CoffeeScript, SuperCollider, HTML, Rust, Swift, Vim Script, Scala, Ruby, Kotlin, Shell, CSS, C, JavaScript, ActionScript, Python, Objective-C, Erlang"
btbytes,"Carmel, IN","Java, D, Perl, Ruby, OCaml, C, JavaScript, R, PHP, HTML, CSS, Nim, ATS, TeX, Scala, Just, Shell, Python, Makefile, ApacheConf"
ludwig,,"Java, Go, Vim Script, Perl, Swift, Haskell, Ruby, C, JavaScript, Dockerfile, C++, CSS, Roff, Groff, Jupyter Notebook, Shell, Python, Fortran, Objective-C, Lua, Batchfile, Makefile"
andrew,"Bristol, UK","CoffeeScript, Racket, Go, HTML, Perl, Ruby, TypeScript, Shell, ApacheConf, CSS, JavaScript"
yaanno,"Budapest, Hungary","Go, HTML, Rust, SCSS, Vue, Dockerfile, Ruby, TypeScript, Shell, CSS, JavaScript, Python"
tel,"Boston, MA, USA","Clojure, Java, Emacs Lisp, Perl, Haskell, TypeScript, JavaScript, Rust, Nix, R, CoffeeScript, HTML, CSS, Scala, Jupyter Notebook, Shell, Python, Objective-C, Makefile"
Krishna,Metaverse,"Go, Perl, Swift, Haskell, Ruby, TypeScript, C, JavaScript, Common Lisp, R, PHP, HTML, C++, CSS, Rich Text Format, Procfile, Shell, Python, Objective-C, Visual Basic, Lua, GLSL, Makefile"
paulsmith,"Evanston, IL","Zig, Go, Perl, Swift, Vim Script, Protocol Buffer, C, JavaScript, Nix, HTML, Dockerfile, Assembly, C++, CSS, Nim, Jupyter Notebook, Shell, Python, Makefile"
berry,Netherlands,"PHP, HTML, SCSS, Dockerfile, Elm, Ruby, TypeScript, Shell, CSS, JavaScript, Python"
csshsh,"Berlin, Germany","NASL, Objective-C, TypeScript, Batchfile, Shell, Makefile, Assembly, C++, CSS, JavaScript, XSLT, Python, C, Roff"
cbx,Austria,"Clojure, Gherkin, HTML, SCSS, Dockerfile, Ruby, Elixir, Shell, Makefile, C++, CSS, JavaScript, Python, Objective-C, Handlebars"
techthumb,New York,"Java, Go, Perl, Swift, Ruby, TypeScript, JavaScript, CoffeeScript, PHP, HTML, Dockerfile, CSS, Roff, Scala, PLpgSQL, Jupyter Notebook, ASP, Shell, Objective-C++, Python, Objective-C, Makefile"
dangoldin,NJ,"HTML, SCSS, Swift, MDX, Dockerfile, Ruby, TypeScript, M, Shell, Makefile, CSS, JavaScript, Python, R"
na9da,"Melbourne, Australia","Clojure, Racket, Emacs Lisp, Perl, Vim Script, Haskell, Ruby, TypeScript, C, JavaScript, Rust, Nix, Meson, PHP, HTML, PureScript, CSS, Handlebars, Roff, EJS, Shell, Python, Lua, GLSL, Makefile"
pushkar,,"Lex, Java, Perl, Swift, Ruby, TypeScript, Gnuplot, C, JavaScript, Common Lisp, Cuda, PHP, HTML, Awk, C++, CSS, CMake, TeX, MATLAB, Jupyter Notebook, Shell, XSLT, Python, Batchfile, Makefile"
lgs,Milan - Italy,"Go, SCSS, Vue, Perl, Svelte, Ruby, TypeScript, C, JavaScript, CoffeeScript, HTML, Dockerfile, C++, CSS, Handlebars, HCL, Solidity, Shell, Jinja, MDX, Python, Yacc, Batchfile, Makefile"
eugene,"Copenhagen, Denmark","CoffeeScript, TeX, HTML, Perl, Julia, Jupyter Notebook, Ruby, Batchfile, Shell, Makefile, C++, CSS, JavaScript, Python"
foysavas,,"Arc, Racket, Java, Go, Perl, Swift, Ruby, TypeScript, JavaScript, Common Lisp, PHP, HTML, Dockerfile, C++, CSS, CMake, Shell, Python, Lua, Makefile"
seflless,"Boston, MA","Java, SCSS, TypeScript, C, JavaScript, ShaderLab, CoffeeScript, Forth, HTML, Brainfuck, Dockerfile, GAP, CSS, C++, Erlang, Less, Shell, Python, GLSL, Makefile, C#, HLSL"
christophsturm,vienna,"Java, Racket, SCSS, Svelte, Ruby, TypeScript, JavaScript, HTML, Dockerfile, AppleScript, C++, CSS, CMake, Shell, Python, Groovy, Kotlin, Batchfile, Inno Setup"
river,"Vancouver, BC","Java, Rust, Emacs Lisp, HTML, PHP, Groovy, GLSL, Dockerfile, Ruby, Shell, Makefile, CSS, JavaScript, PureBasic, Python, Objective-C, Roff"
danja,Mozzanella,"Java, PHP, HTML, Perl, MATLAB, Dockerfile, Faust, Batchfile, Shell, Makefile, AGS Script, CSS, JavaScript, C++, Python, CMake, C"
zemariamm,"Porto, Portugal","Java, Emacs Lisp, HTML, PHP, Perl, Go, Starlark, Ruby, Jupyter Notebook, Shell, JavaScript, Python, Objective-C"
mieg,"Amsterdam, The Netherlands","Processing, EJS, HTML, Less, Forth, Awk, Dockerfile, RenderScript, Objective-C, Shell, Makefile, Assembly, C++, CSS, JavaScript, Arduino, Python, C"
kevinchiu,"Seattle, WA","Java, Go, Perl, D, Swift, SCSS, Ruby, C, JavaScript, ActionScript, Rust, R, Dart, CoffeeScript, PHP, HTML, Perl 6, C++, CSS, Nim, Handlebars, Procfile, Shell, Python, Fortran, Objective-C, Julia, Elixir, C#, Crystal"
anjin,"Los Angeles, CA","Java, SCSS, Swift, Ruby, TypeScript, C, JavaScript, CoffeeScript, HTML, Ragel, DIGITAL Command Language, C++, CSS, Erlang, Shell, Python, Yacc, Batchfile, Makefile"
michael,"Linz, Austria","CoffeeScript, Go, HTML, Dockerfile, Procfile, Svelte, Ruby, Jupyter Notebook, Batchfile, Shell, Nginx, Makefile, CSS, JavaScript, Python"
chl,Austria,"JavaScript, Shell, Java"
mattkanwisher,"New york, NY","Go, Perl, Ruby, TypeScript, C, JavaScript, Mathematica, HTML, C++, CSS, CMake, Thrift, Jupyter Notebook, Shell, XSLT, Python, Objective-C, GLSL, M, Makefile"
adulau,Europe,"Lex, Arc, Emacs Lisp, Perl, Vim Script, SCSS, Vue, Ruby, XS, Scheme, C, JavaScript, HTML, Awk, Dockerfile, Assembly, Raku, C++, CSS, UnrealScript, CMake, Roff, TeX, Shell, sed, PowerShell, Python, Scilab, Lua, Yacc, Elixir, Makefile, Classic ASP, GDB"
snatchev,Philly,"Java, Go, Vim Script, Perl, Swift, Ruby, C, JavaScript, Dart, PHP, HTML, Dockerfile, C++, CSS, Shell, PowerShell, Python, Objective-C, Lua, Batchfile, Makefile"
adragomir,Bucharest,"Java, Go, KakouneScript, Vim Script, Perl, Ruby, C, JavaScript, CoffeeScript, PHP, HTML, C++, CSS, Scala, Shell, PowerShell, Python, Lua, Groovy, Batchfile, Makefile, GDB"
gohanlon,"Portland, OR","Emacs Lisp, Vim Script, Swift, Perl, SCSS, Starlark, Ruby, TypeScript, C, JavaScript, CoffeeScript, HTML, Dockerfile, CSS, CMake, TeX, Shell, Python, Lua, GLSL, Makefile"
astubbs,"Auckland, New Zealand","Java, Go, Emacs Lisp, Perl, Ruby, Nginx, C, JavaScript, FreeMarker, HTML, Tcl, C++, HCL, Scala, ASP, Shell, XSLT, Smarty, Python, Objective-C, Groovy, Kotlin, Batchfile, Makefile, C#"
thomasjo,"Tromsø, Norway","Java, Go, Perl, Swift, Starlark, Ruby, Protocol Buffer, C, JavaScript, Rust, Cuda, CoffeeScript, PHP, Dockerfile, C++, CSS, CMake, Less, MATLAB, Jupyter Notebook, ASP, Shell, Jinja, PowerShell, Python, Kotlin, Batchfile, Makefile, C#"
mattb,"San Francisco, CA","Java, Go, Ruby, TypeScript, C, JavaScript, PHP, HTML, Dockerfile, C++, CSS, Pure Data, Scala, Shell, Objective-C++, Python, Smarty, Objective-C, Lua, Eagle, Makefile"
corey,"Bay Area, CA","Clojure, Emacs Lisp, HTML, Vim Script, Ruby, Shell, CSS, JavaScript"
pete,"Los Angeles, CA","Racket, Go, Perl, Limbo, POV-Ray SDL, Vim Script, PostScript, Ruby, C, JavaScript, Common Lisp, Rust, Forth, HTML, Awk, Brainfuck, Dockerfile, M4, Assembly, C++, CSS, Erlang, Roff, MATLAB, Shell, Python, Lua, Yacc, M, Batchfile, Makefile, Cool"
tmc,Bay Area,"Java, Go, Vim Script, Ruby, TypeScript, C, JavaScript, HTML, Dockerfile, C++, CSS, ANTLR, Shell, Objective-C++, PowerShell, Smarty, Python, Objective-C, Elixir, Kotlin, Batchfile, Makefile"
kaichen,Crypto,"Java, Go, SCSS, Vue, Ruby, TypeScript, JavaScript, Rust, CoffeeScript, PHP, HTML, Dockerfile, CSS, Solidity, Shell, Python, Objective-C, Elixir, Kotlin, Makefile"
